Title,Company,Link
Senior Software Engineer,Netdata Inc,https://remoteok.io/l/99256
Mid/Senior Full Stack Engineer,Applied,https://stackoverflow.com/jobs/446566/mid-senior-full-stack-engineer-applied?a=2pLosEdtaplC&so=i&pg=1&offset=0&total=53&so_medium=Internal&so_source=JobSearch&q=go&r=true
Senior Software Engineer (Go specialist),NetData Inc.,https://stackoverflow.com/jobs/408448/senior-software-engineer-go-specialist-netdata-inc?a=2cYOk1t5G4X6&so=i&pg=1&offset=1&total=53&so_medium=Internal&so_source=JobSearch&q=go&r=true
Golang Developer,BairesDev LLC,https://stackoverflow.com/jobs/430806/golang-developer-bairesdev-llc?a=2ktHadKLEHtu&so=i&pg=1&offset=2&total=53&so_medium=Internal&so_source=JobSearch&q=go&r=true
Go Developer (Remote),X-Team,https://stackoverflow.com/jobs/235208/go-developer-remote-x-team?a=1gSEmzL8Cfn2&so=i&pg=1&offset=3&total=53&so_medium=Internal&so_source=JobSearch&q=go&r=true
Senior Software Engineer,Lana Fintech,https://stackoverflow.com/jobs/438460/senior-software-engineer-lana-fintech?a=2n2QnKEO79F6&so=i&pg=1&offset=4&total=53&so_medium=Internal&so_source=JobSearch&q=go&r=true
Senior Software Engineer,SmithRx,https://stackoverflow.com/jobs/442664/senior-software-engineer-smithrx?a=2osg0iXLeJry&so=i&pg=1&offset=5&total=53&so_medium=Internal&so_source=JobSearch&q=go&r=true
Senior Backend Engineer,All Turtles,https://stackoverflow.com/jobs/410147/senior-backend-engineer-all-turtles?a=2dy8roGjXqVO&so=i&pg=1&offset=6&total=53&so_medium=Internal&so_source=JobSearch&q=go&r=true
Principal Software Engineer,SmithRx,https://stackoverflow.com/jobs/445838/principal-software-engineer-smithrx?a=2pwfNcIhqv16&so=i&pg=1&offset=7&total=53&so_medium=Internal&so_source=JobSearch&q=go&r=true
Senior Quality Assurance Engineer,"Team Go, Inc",https://stackoverflow.com/jobs/450343/senior-quality-assurance-engineer-team-go-inc?a=2r1VC1qzI6gU&so=i&pg=1&offset=8&total=53&so_medium=Internal&so_source=JobSearch&q=go&r=true
Site Reliability Engineer,Sticker Mule,https://stackoverflow.com/jobs/419684/site-reliability-engineer-sticker-mule?a=2gKrj0fgNWsU&so=i&pg=1&offset=9&total=53&so_medium=Internal&so_source=JobSearch&q=go&r=true
Backend Architect (m/f/d),SimScale,https://stackoverflow.com/jobs/406432/backend-architect-m-f-d-simscale?a=2ciTdy0AAk6s&so=i&pg=1&offset=10&total=53&so_medium=Internal&so_source=JobSearch&q=go&r=true
Distributed Systems Engineer,Chorus One,https://stackoverflow.com/jobs/441545/distributed-systems-engineer-chorus-one?a=2o4Zr4Hq2Jna&so=i&pg=1&offset=11&total=53&so_medium=Internal&so_source=JobSearch&q=go&r=true
Cloud Engineer,Platform.sh,https://stackoverflow.com/jobs/439758/cloud-engineer-platformsh?a=2ntPI3RvcI2A&so=i&pg=1&offset=12&total=53&so_medium=Internal&so_source=JobSearch&q=go&r=true
Customer Success Engineer (APAC timezone),Platform.sh,https://stackoverflow.com/jobs/440507/customer-success-engineer-apac-timezone-platformsh?a=2nJphZWG7yve&so=i&pg=1&offset=13&total=53&so_medium=Internal&so_source=JobSearch&q=go&r=true
Blockchain Protocol Engineer,Chorus One,https://stackoverflow.com/jobs/435746/blockchain-protocol-engineer-chorus-one?a=2m8pBEjTPU8U&so=i&pg=1&offset=14&total=53&so_medium=Internal&so_source=JobSearch&q=go&r=true
Integrations Engineer (Remote),X-Team,https://stackoverflow.com/jobs/408566/integrations-engineer-remote-x-team?a=2d1ghvXi6zDO&so=i&pg=1&offset=15&total=53&so_medium=Internal&so_source=JobSearch&q=go&r=true
Senior Backend Engineer - Python,APNATIME TECH PRIVATE LIMITED,https://stackoverflow.com/jobs/411044/senior-backend-engineer-python-apnatime-tech-private-limited?a=2dQMOErabxDy&so=i&pg=1&offset=16&total=53&so_medium=Internal&so_source=JobSearch&q=go&r=true
Backend Engineer,Balena,https://stackoverflow.com/jobs/448324/backend-engineer-balena?a=2qlWDLosuPFS&so=i&pg=1&offset=17&total=53&so_medium=Internal&so_source=JobSearch&q=go&r=true
Python/AWS (Remote),X-Team,https://stackoverflow.com/jobs/445852/python-aws-remote-x-team?a=2pwxQc3OETaU&so=i&pg=1&offset=18&total=53&so_medium=Internal&so_source=JobSearch&q=go&r=true
Senior API Developer,Caremonitor Pty Ltd,https://stackoverflow.com/jobs/451261/senior-api-developer-caremonitor-pty-ltd?a=2rl0TLLp798Q&so=i&pg=1&offset=19&total=53&so_medium=Internal&so_source=JobSearch&q=go&r=true
Python/ElasticSearch Developer (Remote),X-Team,https://stackoverflow.com/jobs/439738/python-elasticsearch-developer-remote-x-team?a=2ntpVvmJJio0&so=i&pg=1&offset=20&total=53&so_medium=Internal&so_source=JobSearch&q=go&r=true
Security Operations Engineer (m/f/d),Parity Technologies,https://stackoverflow.com/jobs/449488/security-operations-engineer-m-f-d-parity-technologies?a=2qK9dKh1vvY4&so=i&pg=1&offset=21&total=53&so_medium=Internal&so_source=JobSearch&q=go&r=true
"Senior Software Engineer, Front End","Skuid, Inc.",https://stackoverflow.com/jobs/445854/senior-software-engineer-front-end-skuid-inc?a=2pwAq36Tpela&so=i&pg=1&offset=22&total=53&so_medium=Internal&so_source=JobSearch&q=go&r=true
"Software Engineer, Facebook Research Lab",Facebook,https://stackoverflow.com/jobs/445959/software-engineer-facebook-research-lab-facebook?a=2pyLMtdpE9wI&so=i&pg=1&offset=23&total=53&so_medium=Internal&so_source=JobSearch&q=go&r=true
Senior Blockchain Engineer / Node.js and Solidity / Remote,CloseCross,https://stackoverflow.com/jobs/272192/senior-blockchain-engineer-nodejs-and-solidity-closecross?a=1thEB3n6j0Va&so=i&pg=1&offset=24&total=53&so_medium=Internal&so_source=JobSearch&q=go&r=true
QA Engineer,Chili Piper,https://weworkremotely.com/remote-jobs/chili-piper-qa-engineer
React Engineer,Elevar,https://weworkremotely.com/remote-jobs/elevar-react-engineer
Rails & React Developer (All Levels),Planning Center,https://weworkremotely.com/remote-jobs/planning-center-rails-react-developer-all-levels
Senior Node.js Developer,Flyp,https://weworkremotely.com/remote-jobs/flyp-senior-node-js-developer
Senior Android Developer,Follow Up Boss,https://weworkremotely.com/remote-jobs/follow-up-boss-senior-android-developer
Frontend Developer (Shopify),Netalico,https://weworkremotely.com/remote-jobs/netalico-frontend-developer-shopify
Senior Backend Engineer,Twitch,https://weworkremotely.com/remote-jobs/twitch-senior-backend-engineer
Typescript + React Software Engineer,Shogun,https://weworkremotely.com/remote-jobs/shogun-typescript-react-software-engineer
Senior Backend Engineer - Remote (EU),ChartMogul,https://weworkremotely.com/remote-jobs/chartmogul-senior-backend-engineer-remote-eu
Senior Software Engineer (Node/GraphQL/React),On Deck,https://weworkremotely.com/remote-jobs/on-deck-senior-software-engineer-node-graphql-react
Ruby on Rails Engineer,Aha!,https://weworkremotely.com/remote-jobs/aha-ruby-on-rails-engineer
Lead Ruby on Rails Engineer,Aha!,https://weworkremotely.com/remote-jobs/aha-lead-ruby-on-rails-engineer-1
Senior Security Engineer — Program Management,Aha!,https://weworkremotely.com/remote-jobs/aha-senior-security-engineer-program-management
Senior Security Engineer — Ruby on Rails,Aha!,https://weworkremotely.com/remote-jobs/aha-senior-security-engineer-ruby-on-rails
"Senior Software Engineer - Open Source, Dev Tools",Iterative,https://weworkremotely.com/remote-jobs/iterative-senior-software-engineer-open-source-dev-tools
"Lead Software Engineer, E-Commerce",Territory Foods,https://weworkremotely.com/remote-jobs/territory-foods-lead-software-engineer-e-commerce
Senior Software Engineer - Ruby/Elm/React,HubTran,https://weworkremotely.com/remote-jobs/hubtran-senior-software-engineer-ruby-elm-react
Lead Websites Engineer,Yet Another Mail Merge,https://weworkremotely.com/remote-jobs/yet-another-mail-merge-lead-websites-engineer
VP of Engineering for successful SaaS,"Sherpa, Inc.",https://weworkremotely.com/remote-jobs/sherpa-inc-vp-of-engineering-for-successful-saas
CSS Developer with Ruby on Rails Experience (remote),Sparkle CMS,https://weworkremotely.com/remote-jobs/sparkle-cms-css-developer-with-ruby-on-rails-experience-remote-1
Full-stack developer w/Vue and Node - blockchain space,Delphi Digital,https://weworkremotely.com/remote-jobs/delphi-digital-full-stack-developer-w-vue-and-node-blockchain-space
Front End Developer (Shopify),Alt & Dot,https://weworkremotely.com/remote-jobs/alt-dot-front-end-developer-shopify-3
Senior iOS Engineer,Elevate Labs,https://weworkremotely.com/remote-jobs/elevate-labs-senior-ios-engineer
Senior Ruby on Rails Developer (remote),Sparkle CMS,https://weworkremotely.com/remote-jobs/sparkle-cms-senior-ruby-on-rails-developer-remote-1
Backend Engineer @ CartKit,CartKit,https://weworkremotely.com/remote-jobs/cartkit-backend-engineer-cartkit
Ruby Engineer (Security),ChartMogul,https://weworkremotely.com/remote-jobs/chartmogul-ruby-engineer-security
Senior Mobile Developer,West Arete,https://weworkremotely.com/remote-jobs/west-arete-senior-mobile-developer
Go engineer,Sticker Mule,https://weworkremotely.com/remote-jobs/sticker-mule-go-engineer
Senior Fullstack Ruby Developer,Replay Poker,https://weworkremotely.com/remote-jobs/replay-poker-senior-fullstack-ruby-developer
Lead Frontend Developer,Replay Poker,https://weworkremotely.com/remote-jobs/replay-poker-lead-frontend-developer-1
Front End Engineer,Chili Piper,https://weworkremotely.com/remote-jobs/chili-piper-front-end-engineer
Head of Engineering,InsurGrid,https://weworkremotely.com/remote-jobs/insurgrid-head-of-engineering
"Awesome Senior 3D Software Engineers (UnrealEngine, WebGL, and more)",4D Pipeline,https://weworkremotely.com/remote-jobs/4d-pipeline-awesome-senior-3d-software-engineers-unrealengine-webgl-and-more-2
Sr. Back End Application Engineer,Otus,https://weworkremotely.com/remote-jobs/otus-sr-back-end-application-engineer
Mobile Developer (Remote or On site),iFit,https://weworkremotely.com/remote-jobs/ifit-mobile-developer-remote-or-on-site
Back End Engineer,Chili Piper,https://weworkremotely.com/remote-jobs/chili-piper-back-end-engineer-1
Software Engineer (PHP or Elixir),Foxbox Digital,https://weworkremotely.com/remote-jobs/foxbox-digital-software-engineer-php-or-elixir
Senior Backend Engineer,Files.com,https://weworkremotely.com/remote-jobs/files-com-senior-backend-engineer
"Software Engineer - Ruby, Rails, and JavaScript",Churn Buster,https://weworkremotely.com/remote-jobs/churn-buster-software-engineer-ruby-rails-and-javascript
Lead Ruby/Rails Engineer,Showcase IDX,https://weworkremotely.com/remote-jobs/showcase-idx-lead-ruby-rails-engineer
Technical Manager,Replay Poker,https://weworkremotely.com/remote-jobs/replay-poker-technical-manager
Tech Lead,Ukufu Pty Ltd,https://weworkremotely.com/remote-jobs/ukufu-pty-ltd-tech-lead
Senior Backend Developer: Node.js,Contra,https://weworkremotely.com/remote-jobs/contra-senior-backend-developer-node-js
Senior Frontend Developer: React,Contra,https://weworkremotely.com/remote-jobs/contra-senior-frontend-developer-react
Front End Developer (WordPress),Yoko Co,https://weworkremotely.com/remote-jobs/yoko-co-front-end-developer-wordpress
Remote Contract Node.js Developer,G2i Inc.,https://weworkremotely.com/remote-jobs/g2i-remote-contract-node-js-developer
Senior Backend Developer (m/f/x) JavaScript,Laserhub GmbH,https://weworkremotely.com/remote-jobs/laserhub-gmbh-senior-backend-developer-m-f-x-javascript
Senior Full-Stack End Developer,Xprt,https://weworkremotely.com/remote-jobs/xprt-senior-full-stack-end-developer
Senior Security Engineer — Ruby on Rails,Aha!,https://weworkremotely.com/remote-jobs/aha-senior-security-engineer-ruby-on-rails-1
Senior Security Engineer — Program Management,Aha!,https://weworkremotely.com/remote-jobs/aha-senior-security-engineer-program-management-1
Lead Ruby on Rails Engineer,Aha!,https://weworkremotely.com/remote-jobs/aha-lead-ruby-on-rails-engineer-2
Ruby on Rails Engineer,Aha!,https://weworkremotely.com/remote-jobs/aha-ruby-on-rails-engineer-1
Senior Full Stack Engineer,Localize,https://weworkremotely.com/remote-jobs/localize-senior-full-stack-engineer
Principal Developer (Redshift Focused),Funnelytics,https://weworkremotely.com/remote-jobs/funnelytics-principal-developer-redshift-focused
Performance/Backend Engineer,Seeq,https://weworkremotely.com/remote-jobs/seeq-performance-backend-engineer
Full Stak Engineer,SmartFinancial.com,https://weworkremotely.com/remote-jobs/smartfinancial-com-full-stak-engineer
JavaScript Developer and Consultant,Bitovi,https://weworkremotely.com/remote-jobs/bitovi-javascript-developer-and-consultant-3
Lead Full Stack Rails Engineer,Nadine West,https://weworkremotely.com/remote-jobs/nadine-west-lead-full-stack-rails-engineer
Senior Software Engineer - Engineering Hiring,Automattic,https://weworkremotely.com/remote-jobs/automattic-senior-software-engineer-engineering-hiring
Support Engineer (Java),Nearsure,https://weworkremotely.com/remote-jobs/nearsure-support-engineer-java
Senior Backend Engineer,Localize,https://weworkremotely.com/remote-jobs/localize-senior-backend-engineer
Remote Contract Node Developer,G2i Inc.,https://weworkremotely.com/remote-jobs/g2i-inc-remote-contract-node-developer
PostgreSQL DBA for Toggl Track,Toggl,https://weworkremotely.com/remote-jobs/toggl-postgresql-dba-for-toggl-track
Full Stack Engineer,JadeMind GmbH,https://weworkremotely.com/remote-jobs/jademind-gmbh-full-stack-engineer-1
Senior Unity Engineer - Remote - EU Time Zone,CVEDIA,https://weworkremotely.com/remote-jobs/cvedia-senior-unity-engineer-remote-eu-time-zone
"Full stack developer (.net core, ember octane)",Skedda,https://weworkremotely.com/remote-jobs/skedda-full-stack-developer-net-core-ember-octane
Angular Developer and Consultant (Remote),Bitovi,https://weworkremotely.com/remote-jobs/bitovi-angular-developer-and-consultant-remote
Backend Engineer,Crowdcast,https://weworkremotely.com/remote-jobs/crowdcast-backend-engineer
Full Stack Developer,Button Inc.,https://weworkremotely.com/remote-jobs/button-inc-full-stack-developer
Frontend Engineer (React),HelpDocs,https://weworkremotely.com/remote-jobs/helpdocs-frontend-engineer-react
Backend Engineer (Go),HelpDocs,https://weworkremotely.com/remote-jobs/helpdocs-backend-engineer-go
React Native Developer,Mozn,https://weworkremotely.com/remote-jobs/mozn-react-native-developer-1
"Open Source Developer & DevOps (Python, Django, AWS, OpenStack)",OpenCraft,https://weworkremotely.com/remote-jobs/opencraft-open-source-developer-devops-python-django-aws-openstack-10
Freelance Shopify Developers Needed,Storetasker,https://weworkremotely.com/remote-jobs/storetasker-freelance-shopify-developers-needed-1
Director of NodeJS/Server-side Development,Bitovi,https://weworkremotely.com/remote-jobs/bitovi-director-of-nodejs-server-side-development
Experienced Front-End Web Developer,OneCare Media,https://weworkremotely.com/remote-jobs/onecare-media-experienced-front-end-web-developer
"Sr. Software Engineer, Fullstack @ Machine Learning Startup",Labelbox,https://weworkremotely.com/remote-jobs/labelbox-sr-software-engineer-fullstack-machine-learning-startup
Full Stack Engineer @ CartKit,CartKit,https://weworkremotely.com/remote-jobs/cartkit-full-stack-engineer-cartkit
Senior Software Engineer,Spreedly,https://weworkremotely.com/remote-jobs/spreedly-senior-software-engineer-7
Tech Lead - Web Scraping,DemandMatrix,https://weworkremotely.com/remote-jobs/demandmatrix-tech-lead-web-scraping
Senior Full Stack Engineer,Yup,https://weworkremotely.com/remote-jobs/yup-senior-full-stack-engineer
Senior iOS Engineer,Fleetio,https://weworkremotely.com/remote-jobs/fleetio-senior-ios-engineer-1
Lead WordPress Backend Developer,Modern Tribe,https://weworkremotely.com/remote-jobs/modern-tribe-lead-wordpress-backend-developer-1
Full Stack Software Developer,Growth Tools,https://weworkremotely.com/remote-jobs/growth-tools-full-stack-software-developer
Senior Ruby on Rails Engineer,"Modern Message, A RealPage Company",https://weworkremotely.com/remote-jobs/modern-message-a-realpage-company-senior-ruby-on-rails-engineer
Backend Engineer (f/m/div),Perdoo GmbH,https://weworkremotely.com/remote-jobs/perdoo-gmbh-backend-engineer-f-m-div
Back End Developer E-Mobility (remote - EU),Optimile,https://weworkremotely.com/remote-jobs/optimile-back-end-developer-e-mobility-remote-eu
Sr. Site Reliability Engineer,Raise Marketplace,https://weworkremotely.com/remote-jobs/raise-marketplace-sr-site-reliability-engineer-1
Sr. Golang Software Engineer,Raise Marketplace,https://weworkremotely.com/remote-jobs/raise-marketplace-sr-golang-software-engineer
Senior Back-end (Ruby on) Rails Developer,Goboony,https://weworkremotely.com/remote-jobs/goboony-senior-back-end-ruby-on-rails-developer
Senior JavaScript Developer,Hubba,https://weworkremotely.com/remote-jobs/hubba-senior-javascript-developer
Freelance Shopify Developer,The Taproom,https://weworkremotely.com/remote-jobs/the-taproom-freelance-shopify-developer
Python Lead Engineer,Nearsure,https://weworkremotely.com/remote-jobs/nearsure-python-lead-engineer-1
Senior Software Engineer (React + Rails),Fleetio,https://weworkremotely.com/remote-jobs/fleetio-senior-software-engineer-react-rails
Software Engineer,Showpad,https://weworkremotely.com/remote-jobs/showpad-software-engineer
Sr. Fullstack Javascript Developer (React/Node),Clevertech,https://weworkremotely.com/remote-jobs/clevertech-sr-fullstack-javascript-developer-react-node
Full Stack Developer (Python & Vue.js),Unhaggle Inc.,https://weworkremotely.com/remote-jobs/unhaggle-inc-full-stack-developer-python-vue-js-2
QA Engineer,The Art of Education University,https://weworkremotely.com/remote-jobs/the-art-of-education-university-qa-engineer
Ruby on Rails developer - Solve interesting problems from home!,Ascent,https://weworkremotely.com/remote-jobs/ascent-ruby-on-rails-developer-solve-interesting-problems-from-home
Experienced PHP Developer,SOZO Design Limited,https://weworkremotely.com/remote-jobs/sozo-design-limited-experienced-php-developer
Front-End Engineer,Knack,https://weworkremotely.com/remote-jobs/knack-front-end-engineer
Senior Software Engineer,Percent Pledge,https://weworkremotely.com/remote-jobs/percent-pledge-senior-software-engineer
Seeking Full Stack Engineer with React & Java Experience,Badass Software Agency,https://weworkremotely.com/remote-jobs/badass-software-agency-seeking-full-stack-engineer-with-react-java-experience
"Principal Software Engineer, Features",ReCharge Payments,https://weworkremotely.com/remote-jobs/recharge-payments-principal-software-engineer-features
"Senior Software Engineer, Features",ReCharge Payments,https://weworkremotely.com/remote-jobs/recharge-payments-senior-software-engineer-features-1
Senior Backend Engineer,Beyond Pricing,https://weworkremotely.com/remote-jobs/beyond-pricing-senior-backend-engineer
Back End Engineer - NodeJS,Hopin,https://weworkremotely.com/remote-jobs/hopin-back-end-engineer-nodejs
Senior Full Stack Engineer (Remote US),Axios,https://weworkremotely.com/remote-jobs/axios-senior-full-stack-engineer-remote-us
Full Stack PWA Developer,Topflight Apps,https://weworkremotely.com/remote-jobs/topflight-apps-full-stack-pwa-developer
Small Agency Seeking Front End (React) Engineer,Badass Software Agency,https://weworkremotely.com/remote-jobs/badass-software-agency-small-agency-seeking-front-end-react-engineer
Front-end/ Full Stack Developer,We Make Websites,https://weworkremotely.com/remote-jobs/we-make-websites-front-end-full-stack-developer
Senior PHP Developer,Automattic,https://weworkremotely.com/remote-jobs/automattic-senior-php-developer
"Software Development Manager, Platform API",ReCharge Payments,https://weworkremotely.com/remote-jobs/recharge-payments-software-development-manager-platform-api-1
"Software Development Manager, Integrations",ReCharge Payments,https://weworkremotely.com/remote-jobs/recharge-payments-software-development-manager-integrations
"Senior Software Engineer, Platform Services",ReCharge Payments,https://weworkremotely.com/remote-jobs/recharge-payments-senior-software-engineer-platform-services-2
"Software Engineer in Test, Platform Services",ReCharge Payments,https://weworkremotely.com/remote-jobs/recharge-payments-software-engineer-in-test-platform-services-2
Senior Software Engineer,Invoca,https://weworkremotely.com/remote-jobs/invoca-senior-software-engineer-2
Senior PHP/React Developer,X-Team,https://weworkremotely.com/remote-jobs/x-team-senior-php-react-developer
Senior iOS/Swift Developer,X-Team,https://weworkremotely.com/remote-jobs/x-team-senior-ios-swift-developer
Senior Software Engineer - Tumblr (Ads Products),Automattic,https://weworkremotely.com/remote-jobs/automattic-senior-software-engineer-tumblr-ads-products
"Staff Software Engineer - Data Platform, Native Protection",Rubrik,https://weworkremotely.com/remote-jobs/rubrik-staff-software-engineer-data-platform-native-protection
Full Stack Engineer,Rubrik,https://weworkremotely.com/remote-jobs/rubrik-full-stack-engineer
Software Engineer - Platform,Rubrik,https://weworkremotely.com/remote-jobs/rubrik-software-engineer-platform
Software Engineer - Data Platform,Rubrik,https://weworkremotely.com/remote-jobs/rubrik-software-engineer-data-platform
Software Engineer - SaaS Platform,Rubrik,https://weworkremotely.com/remote-jobs/rubrik-software-engineer-saas-platform
Freelance Shopify Developer,Storetasker,https://weworkremotely.com/remote-jobs/storetasker-freelance-shopify-developer
Software Engineer - Machine Learning,Rubrik,https://weworkremotely.com/remote-jobs/rubrik-software-engineer-machine-learning
Senior React Native Developer,X-Team,https://weworkremotely.com/remote-jobs/x-team-senior-react-native-developer
"Software Engineer, Full Stack",Springbuk,https://weworkremotely.com/remote-jobs/springbuk-software-engineer-full-stack
Senior Software Architect,ClipboardHealth,https://weworkremotely.com/remote-jobs/clipboardhealth-senior-software-architect
Software Engineering Manager,KOHO,https://weworkremotely.com/remote-jobs/koho-software-engineering-manager
"Senior Software Developer, Frontend",KOHO,https://weworkremotely.com/remote-jobs/koho-senior-software-developer-frontend
"Software Engineer, SRE",Doximity,https://weworkremotely.com/remote-jobs/doximity-software-engineer-sre
"Senior Software Developer, Backend",KOHO,https://weworkremotely.com/remote-jobs/koho-senior-software-developer-backend
Full-Stack Engineer - Ruby on Rails & Vue.js - Remote,Ziggu,https://weworkremotely.com/remote-jobs/ziggu-full-stack-engineer-ruby-on-rails-vue-js-remote
Angular Developer (Asia timezone),Vanna,https://weworkremotely.com/remote-jobs/vanna-angular-developer-asia-timezone
Shopify Developer | Well Versed in Shopify APIs and Building Custom Apps,Dr. Hyman,https://weworkremotely.com/remote-jobs/dr-hyman-shopify-developer-well-versed-in-shopify-apis-and-building-custom-apps
Senior Front End Developer (Angular),"Rocket Communications, Inc.",https://weworkremotely.com/remote-jobs/rocket-communications-inc-senior-front-end-developer-angular
"Senior Ruby on Rails Developer with some React, Vue Experience",CareScribe,https://weworkremotely.com/remote-jobs/carescribe-senior-ruby-on-rails-developer-with-some-react-vue-experience
"Senior Data Engineer, Manager",Doximity,https://weworkremotely.com/remote-jobs/doximity-senior-data-engineer-manager
Senior Front-End Engineer (ReactJS),Rent Butter,https://weworkremotely.com/remote-jobs/rent-butter-senior-front-end-engineer-reactjs
Integrations Engineer (Matrix/WordPress),Automattic,https://weworkremotely.com/remote-jobs/automattic-integrations-engineer-matrix-wordpress
Integration Specialist,Brandbassador,https://weworkremotely.com/remote-jobs/brandbassador-integration-specialist
Senior Software Engineer,SPYSCAPE,https://weworkremotely.com/remote-jobs/spyscape-senior-software-engineer
Back End WordPress Developer,Alchemy + Aim,https://weworkremotely.com/remote-jobs/alchemy-aim-back-end-wordpress-developer
Senior Full Stack Developer,Brandbassador,https://weworkremotely.com/remote-jobs/brandbassador-senior-full-stack-developer
Senior Rails Full Stack Developer,Credit Glory,https://weworkremotely.com/remote-jobs/credit-glory-senior-rails-full-stack-developer
Senior Back End Engineer,Hopin,https://weworkremotely.com/remote-jobs/hopin-senior-back-end-engineer
"Software Engineer, Full Stack",Doximity,https://weworkremotely.com/remote-jobs/doximity-software-engineer-full-stack
Vice President of Engineering,Lawn Love,https://weworkremotely.com/remote-jobs/lawn-love-vice-president-of-engineering
Database Engineer - MySQL,Percona,https://weworkremotely.com/remote-jobs/percona-database-engineer-mysql-2
"Senior Frontend (React, GraphQL) Engineer @ Conferize",Conferize,https://weworkremotely.com/remote-jobs/conferize-senior-frontend-react-graphql-engineer-conferize
Senior Salesforce Developer - Remote,Ebury,https://weworkremotely.com/remote-jobs/ebury-senior-salesforce-developer-remote
Senior Full Stack Developer - Python,DataKitchen,https://weworkremotely.com/remote-jobs/datakitchen-senior-full-stack-developer-python
Senior Mobile Engineer (React Native),Axios,https://weworkremotely.com/remote-jobs/axios-senior-mobile-engineer-react-native
Python/AWS Developer,X-Team,https://weworkremotely.com/remote-jobs/x-team-python-aws-developer
Python/ElasticSearch Developer,X-Team,https://weworkremotely.com/remote-jobs/x-team-python-elasticsearch-developer
Support Engineer,HeySummit,https://weworkremotely.com/remote-jobs/heysummit-support-engineer
WordPress Developer,PRI,https://weworkremotely.com/remote-jobs/pri-wordpress-developer-3
Senior Backend Engineer,Omnipresent,https://weworkremotely.com/remote-jobs/omnipresent-senior-backend-engineer
Full-Stack Rails Developer,Reviewed,https://weworkremotely.com/remote-jobs/reviewed-full-stack-rails-developer
UX Engineer,"Oomph, Inc.",https://weworkremotely.com/remote-jobs/oomph-inc-ux-engineer
Rust Developer,X-Team,https://weworkremotely.com/remote-jobs/x-team-rust-developer
QA Automation Engineer,TaxJar,https://weworkremotely.com/remote-jobs/taxjar-qa-automation-engineer-3
Data Analytics Engineer,Reify Health,https://weworkremotely.com/remote-jobs/reify-health-data-analytics-engineer-2
(Senior) Python Full Stack Software Developer,Optimile,https://weworkremotely.com/remote-jobs/optimile-senior-python-full-stack-software-developer
Senior Fullstack Laravel Engineer – Remote,Marketing Services International B.V.,https://weworkremotely.com/remote-jobs/marketing-services-international-b-v-senior-fullstack-laravel-engineer-remote
Frontend Developer (Shopify),Barrel,https://weworkremotely.com/remote-jobs/barrel-frontend-developer-shopify
"Senior Backend Engineer - Join our Fully Remote, Innovative Team",Mediavine,https://weworkremotely.com/remote-jobs/mediavine-senior-backend-engineer-join-our-fully-remote-innovative-team
Full Stack Engineer,Showcase IDX,https://weworkremotely.com/remote-jobs/showcase-idx-full-stack-engineer
Ruby on Rails Software Engineer,TaxJar,https://weworkremotely.com/remote-jobs/taxjar-ruby-on-rails-software-engineer
Senior Python/Django Engineer,Myagi,https://weworkremotely.com/remote-jobs/myagi-senior-python-django-engineer
Senior Full Stack Engineer,Thinkific,https://weworkremotely.com/remote-jobs/thinkific-senior-full-stack-engineer
Mobile Application Developer (Python),Kickback Rewards System,https://weworkremotely.com/remote-jobs/kickback-rewards-system-mobile-application-developer-python
"Full Stack Developer (React/Gatsby, NodeJS, AWS)",Super Rewards,https://weworkremotely.com/remote-jobs/super-rewards-full-stack-developer-react-gatsby-nodejs-aws
Backend Node.js Javascript Engineer,Breezy HR,https://weworkremotely.com/remote-jobs/breezy-hr-backend-node-js-javascript-engineer-1
Quality Assurance Developer,silverorange,https://weworkremotely.com/remote-jobs/silverorange-quality-assurance-developer
Full Stack React Developer,silverorange,https://weworkremotely.com/remote-jobs/silverorange-full-stack-react-developer
Wordpress + eDirectory PHP Developer,Real Tested CBD,https://weworkremotely.com/remote-jobs/real-tested-cbd-wordpress-edirectory-php-developer
Senior Product Engineer (Remote - Anywhere),Dataquest,https://weworkremotely.com/remote-jobs/dataquest-senior-product-engineer-remote-anywhere
NetSuite Software Engineer,TaxJar,https://weworkremotely.com/remote-jobs/taxjar-netsuite-software-engineer-1
Full Stack Engineer (Rails / Vue),TaxJar,https://weworkremotely.com/remote-jobs/taxjar-full-stack-engineer-rails-vue-1
Sr Sfotware engineer,Matilda Explorations,https://weworkremotely.com/remote-jobs/matilda-explorations-sr-sfotware-engineer
Senior WordPress Developer,Formidable Forms,https://weworkremotely.com/remote-jobs/formidable-forms-senior-wordpress-developer-2
Senior ASP.NET Core Developer,TestDome,https://weworkremotely.com/remote-jobs/testdome-senior-asp-net-core-developer
Senior Frontend Developer,Snappy Shopper LTD,https://weworkremotely.com/remote-jobs/snappy-shopper-ltd-senior-frontend-developer
Senior Front-end Developer (React.js) to join our product development team,Pleexy LLC,https://weworkremotely.com/remote-jobs/pleexy-llc-senior-front-end-developer-react-js-to-join-our-product-development-team
Senior JavaScript Software Engineer,DroneDeploy,https://weworkremotely.com/remote-jobs/dronedeploy-senior-javascript-software-engineer
Senior Software developer -> PHP Laravel,Upkey,https://weworkremotely.com/remote-jobs/upkey-senior-software-developer-php-laravel
Backend JavaScript Engineer,Locale,https://weworkremotely.com/remote-jobs/locale-backend-javascript-engineer
Senior Software Engineer - Full Stack,The Predictive Index,https://weworkremotely.com/remote-jobs/the-predictive-index-senior-software-engineer-full-stack
Senior Software Developer,Revevol,https://weworkremotely.com/remote-jobs/revevol-senior-software-developer
Ruby on Rails Developer,Bit Zesty,https://weworkremotely.com/remote-jobs/bit-zesty-ruby-on-rails-developer
Roku Developer,X-Team,https://weworkremotely.com/remote-jobs/x-team-roku-developer
Senior Backend Engineer,Primer.ai,https://weworkremotely.com/remote-jobs/primer-ai-senior-backend-engineer
Senior JavaScript Engineer,Automattic,https://weworkremotely.com/remote-jobs/automattic-senior-javascript-engineer
"Senior Software Engineer, full time",SquadCast.fm,https://weworkremotely.com/remote-jobs/squadcast-fm-senior-software-engineer-full-time
Senior Backend Engineer,Spruce,https://weworkremotely.com/remote-jobs/spruce-senior-backend-engineer
Senior Data Analyst,Reify Health,https://weworkremotely.com/remote-jobs/reify-health-senior-data-analyst
Senior Software Engineer,Shorthand,https://weworkremotely.com/remote-jobs/shorthand-senior-software-engineer
Frontend Developer,Design by Cosmic,https://weworkremotely.com/remote-jobs/design-by-cosmic-frontend-developer
Software Engineering Mentor,Springboard,https://weworkremotely.com/remote-jobs/springboard-software-engineering-mentor-1
Full Stack Engineer,Producement,https://weworkremotely.com/remote-jobs/producement-full-stack-engineer
Senior Data Engineer,Automattic,https://weworkremotely.com/remote-jobs/automattic-senior-data-engineer
Machine Learning Software Engineer,Automattic,https://weworkremotely.com/remote-jobs/automattic-machine-learning-software-engineer
Senior Business Intelligence Engineer,Automattic,https://weworkremotely.com/remote-jobs/automattic-senior-business-intelligence-engineer
Rails developer,Sidekick Therapy Partners,https://weworkremotely.com/remote-jobs/sidekick-therapy-partners-rails-developer
"Senior Software Engineer, Back End, Platform Team",Abstract,https://weworkremotely.com/remote-jobs/abstract-senior-software-engineer-back-end-platform-team
Front-End React Native Engineer (Senior),Maharishi Foundation International,https://weworkremotely.com/remote-jobs/maharishi-foundation-international-front-end-react-native-engineer-senior
Software Engineer-Experienced,ClockShark,https://weworkremotely.com/remote-jobs/clockshark-software-engineer-experienced
Senior Python Developer - Remote,Ebury,https://weworkremotely.com/remote-jobs/ebury-senior-python-developer-remote
Python Developer,Webinterpret,https://weworkremotely.com/remote-jobs/webinterpret-python-developer
Software Development Team Lead,Ebury,https://weworkremotely.com/remote-jobs/ebury-software-development-team-lead
WordPress Developer,MemberPress,https://weworkremotely.com/remote-jobs/memberpress-wordpress-developer
"Security Engineer, Security Telemetry",GitHub,https://weworkremotely.com/remote-jobs/github-security-engineer-security-telemetry
Senior Solutions Architect,Cosaic,https://weworkremotely.com/remote-jobs/cosaic-senior-solutions-architect
"Senior Engineering Manager, Core Tooling and Mobile",vidIQ,https://weworkremotely.com/remote-jobs/vidiq-senior-engineering-manager-core-tooling-and-mobile
iOS Developer,Doximity,https://weworkremotely.com/remote-jobs/doximity-ios-developer
Senior Backend Software Engineer,"Trice Imaging, Inc.",https://weworkremotely.com/remote-jobs/trice-imaging-inc-senior-backend-software-engineer
Sr. Software Engineer,Zylo,https://weworkremotely.com/remote-jobs/zylo-sr-software-engineer
Full Stack Software Engineer,Clipboard Health,https://weworkremotely.com/remote-jobs/clipboard-health-full-stack-software-engineer
Senior Shopify Developer (Remote),noticed.,https://weworkremotely.com/remote-jobs/noticed-senior-shopify-developer-remote
Senior Frontend Engineer,Axios,https://weworkremotely.com/remote-jobs/axios-senior-frontend-engineer
Full Stack Developer,Quidco,https://weworkremotely.com/remote-jobs/quidco-full-stack-developer
Product Engineer,BuildBook,https://weworkremotely.com/remote-jobs/buildbook-product-engineer
Software Engineer-General,Bevy,https://weworkremotely.com/remote-jobs/bevy-software-engineer-general
Senior Backend Developer,DeversiFi,https://weworkremotely.com/remote-jobs/deversifi-senior-backend-developer
Senior Android Engineer,Elevate Labs,https://weworkremotely.com/remote-jobs/elevate-labs-senior-android-engineer-1
Sr. DevOps Engineer,Titan School Solutions,https://weworkremotely.com/remote-jobs/titan-school-solutions-sr-devops-engineer
Senior Edge Software Engineer,"Trice Imaging, Inc.",https://weworkremotely.com/remote-jobs/trice-imaging-inc-senior-edge-software-engineer
Senior Data Engineer,Doximity,https://weworkremotely.com/remote-jobs/doximity-senior-data-engineer-1
Frontend webdeveloper (Angular/AngularJS),Twikey,https://weworkremotely.com/remote-jobs/twikey-frontend-webdeveloper-angular-angularjs
Mobile Developer (Android/Kotlin),X-Team,https://weworkremotely.com/remote-jobs/x-team-mobile-developer-android-kotlin
Go Developer,X-Team,https://weworkremotely.com/remote-jobs/x-team-go-developer-1
Integrations Engineer,X-Team,https://weworkremotely.com/remote-jobs/x-team-integrations-engineer
Data Engineer,Reify Health,https://weworkremotely.com/remote-jobs/reify-health-data-engineer-1
